{
  "project_info": {
    "project_number": "751687767422",
    "project_id": "snakeice-2c5fe",
    "storage_bucket": "snakeice-2c5fe.firebasestorage.app"
  },
  "client": [
    {
      "client_info": {
        "mobilesdk_app_id": "1:751687767422:android:e715019f51a2b32729cf2f",
        "android_client_info": {
          "package_name": "com.example.snakeice"
        }
      },
      "oauth_client": [],
      "api_key": [
        {
          "current_key": "AIzaSyD8zIlN5Wx4I2tokIYNtqCwy3KJfdOcYbk"
        }
      ],
      "services": {
        "appinvite_service": {
          "other_platform_oauth_client": []
        }
      }
    }
  ],
  "configuration_version": "1"
}